timestamp,case_id,category,noise_mode,noise_level,corpus_chunks,corpus_docs,run,retrieval_hit,error_type,unanswerable,expected_document,retrieved_documents,retrieval_precision,retrieval_recall,chunks_retrieved,chunks_expected,top_similarity,avg_similarity,confusable_in_topk,retrieved_chunk_ids,tokens_in,tokens_out,retrieval_time_ms,generation_time_ms,total_time_ms,embedding_backend,generation_skipped,expected_answer,actual_answer,quality_rating
2026-09-09T22:04:20,LOHN_01,lohn,unrelated,0,36,14,1,False,falsche_stelle,False,offerte_01_lohn_gross_anon,offerte_01_lohn_gross_anon|offerte_14_buchhaltung_klein_anon|offerte_12_lohn_reinigung_anon,0.0,0.0,3,1,0.7905,0.778,0,offerte_01_lohn_gross_anon_chunk_0|offerte_14_buchhaltung_klein_anon_chunk_0|offerte_12_lohn_reinigung_anon_chunk_0,0,0,3.73,0.0,3.73,ollama,True,CHF 680,,
2026-09-09T22:04:20,BUCH_01,buchhaltung,unrelated,0,36,14,1,True,richtig,False,offerte_01_lohn_gross_anon,offerte_01_lohn_gross_anon|offerte_14_buchhaltung_klein_anon|offerte_08_gruendung_vr_anon,0.3333,1.0,3,1,0.6493,0.6429,0,offerte_01_lohn_gross_anon_chunk_1|offerte_14_buchhaltung_klein_anon_chunk_1|offerte_08_gruendung_vr_anon_chunk_2,0,0,3.42,0.0,3.42,ollama,True,CHF 12'750 - 15'300,,
2026-09-09T22:04:20,MWST_01,mwst,unrelated,0,36,14,1,False,falsche_stelle,False,offerte_01_lohn_gross_anon,offerte_01_lohn_gross_anon|offerte_14_buchhaltung_klein_anon|offerte_12_lohn_reinigung_anon,0.0,0.0,3,1,0.7884,0.7667,0,offerte_01_lohn_gross_anon_chunk_0|offerte_14_buchhaltung_klein_anon_chunk_0|offerte_12_lohn_reinigung_anon_chunk_0,0,0,3.41,0.0,3.41,ollama,True,CHF 1'300,,
2026-09-09T22:04:20,STEU_01,steuern,unrelated,0,36,14,1,False,falsche_stelle,False,offerte_01_lohn_gross_anon,offerte_01_lohn_gross_anon|offerte_14_buchhaltung_klein_anon|offerte_12_lohn_reinigung_anon,0.0,0.0,3,1,0.773,0.7444,0,offerte_01_lohn_gross_anon_chunk_0|offerte_14_buchhaltung_klein_anon_chunk_0|offerte_12_lohn_reinigung_anon_chunk_0,0,0,3.44,0.0,3.44,ollama,True,CHF 850,,
2026-09-09T22:04:20,SETUP_01,setup,unrelated,0,36,14,1,False,falsche_stelle,False,offerte_01_lohn_gross_anon,offerte_01_lohn_gross_anon|offerte_14_buchhaltung_klein_anon|offerte_12_lohn_reinigung_anon,0.0,0.0,3,1,0.7224,0.6967,0,offerte_01_lohn_gross_anon_chunk_0|offerte_14_buchhaltung_klein_anon_chunk_0|offerte_12_lohn_reinigung_anon_chunk_0,0,0,3.39,0.0,3.39,ollama,True,CHF 420,,
2026-09-09T22:04:20,SETUP_02,setup,unrelated,0,36,14,1,False,falsche_stelle,False,offerte_01_lohn_gross_anon,offerte_01_lohn_gross_anon|offerte_14_buchhaltung_klein_anon|offerte_12_lohn_reinigung_anon,0.0,0.0,3,1,0.7594,0.7247,0,offerte_01_lohn_gross_anon_chunk_0|offerte_14_buchhaltung_klein_anon_chunk_0|offerte_12_lohn_reinigung_anon_chunk_0,0,0,3.5,0.0,3.5,ollama,True,CHF 640,,
2026-09-09T22:04:20,RATE_01,stundensatz,unrelated,0,36,14,1,True,richtig,False,offerte_01_lohn_gross_anon,offerte_01_lohn_gross_anon|offerte_14_buchhaltung_klein_anon|offerte_04_revision_anon,0.3333,1.0,3,1,0.7751,0.7647,0,offerte_01_lohn_gross_anon_chunk_0|offerte_14_buchhaltung_klein_anon_chunk_0|offerte_04_revision_anon_chunk_0,0,0,3.41,0.0,3.41,ollama,True,CHF 140,,
2026-09-09T22:04:20,BUCH_02,buchhaltung,unrelated,0,36,14,1,False,falsches_dokument,False,offerte_02_accounting_intl_anon,offerte_05_stiftung_audit_anon|offerte_07_gruendung_domizil_anon|offerte_11_swiss_finish_anon,0.0,0.0,3,1,0.6578,0.6541,0,offerte_05_stiftung_audit_anon_chunk_2|offerte_07_gruendung_domizil_anon_chunk_1|offerte_11_swiss_finish_anon_chunk_1,0,0,3.43,0.0,3.43,ollama,True,CHF 1'700 - 2'100,,
2026-09-09T22:04:20,LOHN_02,lohn,unrelated,0,36,14,1,False,falsche_stelle,False,offerte_02_accounting_intl_anon,offerte_03_accounting_branch_anon|offerte_11_swiss_finish_anon|offerte_02_accounting_intl_anon,0.0,0.0,3,1,0.6099,0.6079,0,offerte_03_accounting_branch_anon_chunk_0|offerte_11_swiss_finish_anon_chunk_0|offerte_02_accounting_intl_anon_chunk_0,0,0,3.44,0.0,3.44,ollama,True,CHF 1'000,,
2026-09-09T22:04:20,SETUP_03,setup,unrelated,0,36,14,1,False,falsche_stelle,False,offerte_02_accounting_intl_anon,offerte_02_accounting_intl_anon|offerte_07_gruendung_domizil_anon|offerte_13_holding_spaltung_anon,0.0,0.0,3,1,0.6348,0.6307,0,offerte_02_accounting_intl_anon_chunk_0|offerte_07_gruendung_domizil_anon_chunk_1|offerte_13_holding_spaltung_anon_chunk_2,0,0,3.4,0.0,3.4,ollama,True,CHF 1'300,,
2026-09-09T22:04:20,MWST_02,mwst,unrelated,0,36,14,1,False,falsche_stelle,False,offerte_02_accounting_intl_anon,offerte_02_accounting_intl_anon|offerte_07_gruendung_domizil_anon|offerte_11_swiss_finish_anon,0.0,0.0,3,1,0.6487,0.6444,0,offerte_02_accounting_intl_anon_chunk_0|offerte_07_gruendung_domizil_anon_chunk_1|offerte_11_swiss_finish_anon_chunk_0,0,0,3.51,0.0,3.51,ollama,True,CHF 850,,
2026-09-09T22:04:20,VERS_01,versicherung,unrelated,0,36,14,1,False,falsche_stelle,False,offerte_02_accounting_intl_anon,offerte_11_swiss_finish_anon|offerte_02_accounting_intl_anon|offerte_03_accounting_branch_anon,0.0,0.0,3,1,0.6259,0.6231,0,offerte_11_swiss_finish_anon_chunk_0|offerte_02_accounting_intl_anon_chunk_0|offerte_03_accounting_branch_anon_chunk_0,0,0,3.43,0.0,3.43,ollama,True,CHF 850 - 1'700,,
2026-09-09T22:04:20,BUCH_03,buchhaltung,unrelated,0,36,14,1,False,falsche_stelle,False,offerte_03_accounting_branch_anon,offerte_03_accounting_branch_anon|offerte_13_holding_spaltung_anon|offerte_07_gruendung_domizil_anon,0.0,0.0,3,1,0.6963,0.6801,0,offerte_03_accounting_branch_anon_chunk_0|offerte_13_holding_spaltung_anon_chunk_2|offerte_07_gruendung_domizil_anon_chunk_1,0,0,3.47,0.0,3.47,ollama,True,CHF 3'400 - 3'800,,
2026-09-09T22:04:20,SETUP_04,setup,unrelated,0,36,14,1,False,falsche_stelle,False,offerte_03_accounting_branch_anon,offerte_03_accounting_branch_anon|offerte_13_holding_spaltung_anon|offerte_02_accounting_intl_anon,0.0,0.0,3,1,0.6634,0.6267,0,offerte_03_accounting_branch_anon_chunk_0|offerte_13_holding_spaltung_anon_chunk_0|offerte_02_accounting_intl_anon_chunk_0,0,0,3.41,0.0,3.41,ollama,True,CHF 1'300,,
2026-09-09T22:04:20,STEU_02,steuern,unrelated,0,36,14,1,False,falsche_stelle,False,offerte_03_accounting_branch_anon,offerte_03_accounting_branch_anon|offerte_13_holding_spaltung_anon,0.0,0.0,3,1,0.6383,0.6276,0,offerte_03_accounting_branch_anon_chunk_0|offerte_13_holding_spaltung_anon_chunk_2|offerte_13_holding_spaltung_anon_chunk_0,0,0,3.51,0.0,3.51,ollama,True,CHF 850,,
2026-09-09T22:04:20,REV_01,revision,unrelated,0,36,14,1,True,richtig,False,offerte_04_revision_anon,offerte_04_revision_anon|offerte_01_lohn_gross_anon|offerte_14_buchhaltung_klein_anon,0.3333,1.0,3,1,0.8388,0.7525,0,offerte_04_revision_anon_chunk_0|offerte_01_lohn_gross_anon_chunk_0|offerte_14_buchhaltung_klein_anon_chunk_0,0,0,3.44,0.0,3.44,ollama,True,CHF 3'250,,
2026-09-09T22:04:20,REV_02,revision,unrelated,0,36,14,1,True,richtig,False,offerte_04_revision_anon,offerte_04_revision_anon|offerte_14_buchhaltung_klein_anon|offerte_12_lohn_reinigung_anon,0.3333,1.0,3,1,0.6255,0.6157,0,offerte_04_revision_anon_chunk_0|offerte_14_buchhaltung_klein_anon_chunk_0|offerte_12_lohn_reinigung_anon_chunk_0,0,0,3.43,0.0,3.43,ollama,True,CHF 1'300,,
2026-09-09T22:04:20,AUD_01,revision,unrelated,0,36,14,1,True,richtig,False,offerte_05_stiftung_audit_anon,offerte_05_stiftung_audit_anon|offerte_07_gruendung_domizil_anon,0.3333,1.0,3,1,0.6236,0.6012,0,offerte_05_stiftung_audit_anon_chunk_0|offerte_05_stiftung_audit_anon_chunk_2|offerte_07_gruendung_domizil_anon_chunk_1,0,0,3.46,0.0,3.46,ollama,True,CHF 1'550 - 2'100,,
2026-09-09T22:04:20,AUD_02,revision,unrelated,0,36,14,1,True,richtig,False,offerte_05_stiftung_audit_anon,offerte_05_stiftung_audit_anon|offerte_07_gruendung_domizil_anon,0.3333,1.0,3,1,0.6687,0.6471,0,offerte_05_stiftung_audit_anon_chunk_2|offerte_05_stiftung_audit_anon_chunk_0|offerte_07_gruendung_domizil_anon_chunk_1,0,0,3.41,0.0,3.41,ollama,True,CHF 3'800 - 4'700,,
2026-09-09T22:04:20,LOHN_03,lohn,unrelated,0,36,14,1,False,falsche_stelle,False,offerte_05_stiftung_audit_anon,offerte_05_stiftung_audit_anon|offerte_02_accounting_intl_anon|offerte_03_accounting_branch_anon,0.0,0.0,3,1,0.6248,0.6197,0,offerte_05_stiftung_audit_anon_chunk_0|offerte_02_accounting_intl_anon_chunk_2|offerte_03_accounting_branch_anon_chunk_0,0,0,3.55,0.0,3.55,ollama,True,CHF 760,,
2026-09-09T22:04:20,GRUE_01,gruendung,unrelated,0,36,14,1,True,richtig,False,offerte_06_gruendung_klein_anon,offerte_06_gruendung_klein_anon|offerte_08_gruendung_vr_anon|offerte_01_lohn_gross_anon,0.3333,1.0,3,1,0.6768,0.6593,0,offerte_06_gruendung_klein_anon_chunk_0|offerte_08_gruendung_vr_anon_chunk_0|offerte_01_lohn_gross_anon_chunk_0,0,0,3.43,0.0,3.43,ollama,True,CHF 1'700,,
2026-09-09T22:04:20,BUCH_04,buchhaltung,unrelated,0,36,14,1,False,falsches_dokument,False,offerte_06_gruendung_klein_anon,offerte_01_lohn_gross_anon|offerte_08_gruendung_vr_anon|offerte_14_buchhaltung_klein_anon,0.0,0.0,3,1,0.6856,0.6667,0,offerte_01_lohn_gross_anon_chunk_1|offerte_08_gruendung_vr_anon_chunk_2|offerte_14_buchhaltung_klein_anon_chunk_1,0,0,3.42,0.0,3.42,ollama,True,CHF 1'700 - 2'550,,
2026-09-09T22:04:20,VERS_02,versicherung,unrelated,0,36,14,1,False,falsche_stelle,False,offerte_06_gruendung_klein_anon,offerte_12_lohn_reinigung_anon|offerte_14_buchhaltung_klein_anon|offerte_06_gruendung_klein_anon,0.0,0.0,3,1,0.674,0.6603,0,offerte_12_lohn_reinigung_anon_chunk_0|offerte_14_buchhaltung_klein_anon_chunk_0|offerte_06_gruendung_klein_anon_chunk_0,0,0,3.46,0.0,3.46,ollama,True,CHF 210,,
2026-09-09T22:04:20,GRUE_02,gruendung,unrelated,0,36,14,1,True,richtig,False,offerte_07_gruendung_domizil_anon,offerte_07_gruendung_domizil_anon|offerte_09_domizil_beratung_anon|offerte_13_holding_spaltung_anon,0.3333,1.0,3,1,0.6324,0.6078,0,offerte_07_gruendung_domizil_anon_chunk_1|offerte_09_domizil_beratung_anon_chunk_2|offerte_13_holding_spaltung_anon_chunk_2,0,0,3.41,0.0,3.41,ollama,True,CHF 2'100,,
2026-09-09T22:04:20,VR_01,verwaltungsrat,unrelated,0,36,14,1,False,falsches_dokument,False,offerte_07_gruendung_domizil_anon,offerte_11_swiss_finish_anon|offerte_09_domizil_beratung_anon|offerte_02_accounting_intl_anon,0.0,0.0,3,1,0.6273,0.6115,0,offerte_11_swiss_finish_anon_chunk_1|offerte_09_domizil_beratung_anon_chunk_2|offerte_02_accounting_intl_anon_chunk_2,0,0,3.56,0.0,3.56,ollama,True,CHF 4'250,,
2026-09-09T22:04:20,DOM_01,domizil,unrelated,0,36,14,1,False,falsches_dokument,False,offerte_07_gruendung_domizil_anon,offerte_09_domizil_beratung_anon|offerte_11_swiss_finish_anon|offerte_03_accounting_branch_anon,0.0,0.0,3,1,0.6543,0.6379,0,offerte_09_domizil_beratung_anon_chunk_0|offerte_11_swiss_finish_anon_chunk_1|offerte_03_accounting_branch_anon_chunk_0,0,0,3.44,0.0,3.44,ollama,True,CHF 1'700,,
2026-09-09T22:04:20,VR_02,verwaltungsrat,unrelated,0,36,14,1,False,falsche_stelle,False,offerte_08_gruendung_vr_anon,offerte_08_gruendung_vr_anon|offerte_06_gruendung_klein_anon|offerte_01_lohn_gross_anon,0.0,0.0,3,1,0.6664,0.6562,0,offerte_08_gruendung_vr_anon_chunk_0|offerte_06_gruendung_klein_anon_chunk_0|offerte_01_lohn_gross_anon_chunk_0,0,0,3.42,0.0,3.42,ollama,True,CHF 5'500,,
2026-09-09T22:04:20,DOM_02,domizil,unrelated,0,36,14,1,True,richtig,False,offerte_08_gruendung_vr_anon,offerte_08_gruendung_vr_anon|offerte_01_lohn_gross_anon|offerte_12_lohn_reinigung_anon,0.3333,1.0,3,1,0.7624,0.7348,0,offerte_08_gruendung_vr_anon_chunk_0|offerte_01_lohn_gross_anon_chunk_0|offerte_12_lohn_reinigung_anon_chunk_0,0,0,3.44,0.0,3.44,ollama,True,CHF 2'100,,
2026-09-09T22:04:20,DOM_03,domizil,unrelated,0,36,14,1,False,falsche_stelle,False,offerte_09_domizil_beratung_anon,offerte_09_domizil_beratung_anon|offerte_03_accounting_branch_anon|offerte_13_holding_spaltung_anon,0.0,0.0,3,1,0.6605,0.6395,0,offerte_09_domizil_beratung_anon_chunk_0|offerte_03_accounting_branch_anon_chunk_0|offerte_13_holding_spaltung_anon_chunk_0,0,0,3.4,0.0,3.4,ollama,True,CHF 1'300,,
2026-09-09T22:04:20,DOM_04,domizil,unrelated,0,36,14,1,False,falsche_stelle,False,offerte_09_domizil_beratung_anon,offerte_09_domizil_beratung_anon|offerte_03_accounting_branch_anon|offerte_13_holding_spaltung_anon,0.0,0.0,3,1,0.6398,0.6158,0,offerte_09_domizil_beratung_anon_chunk_0|offerte_03_accounting_branch_anon_chunk_0|offerte_13_holding_spaltung_anon_chunk_0,0,0,3.52,0.0,3.52,ollama,True,CHF 3'400,,
2026-09-09T22:04:20,VR_03,verwaltungsrat,unrelated,0,36,14,1,False,falsche_stelle,False,offerte_09_domizil_beratung_anon,offerte_09_domizil_beratung_anon|offerte_07_gruendung_domizil_anon|offerte_03_accounting_branch_anon,0.0,0.0,3,1,0.6398,0.6298,0,offerte_09_domizil_beratung_anon_chunk_0|offerte_07_gruendung_domizil_anon_chunk_0|offerte_03_accounting_branch_anon_chunk_0,0,0,3.43,0.0,3.43,ollama,True,CHF 4'250,,
2026-09-09T22:04:20,BUCH_05,buchhaltung,unrelated,0,36,14,1,False,falsches_dokument,False,offerte_09_domizil_beratung_anon,offerte_05_stiftung_audit_anon|offerte_07_gruendung_domizil_anon|offerte_11_swiss_finish_anon,0.0,0.0,3,1,0.6524,0.6453,0,offerte_05_stiftung_audit_anon_chunk_2|offerte_07_gruendung_domizil_anon_chunk_1|offerte_11_swiss_finish_anon_chunk_1,0,0,3.44,0.0,3.44,ollama,True,CHF 3'400 - 3'800,,
2026-09-09T22:04:20,BUCH_06,buchhaltung,unrelated,0,36,14,1,False,falsches_dokument,False,offerte_10_accounting_medtech_anon,offerte_07_gruendung_domizil_anon|offerte_05_stiftung_audit_anon|offerte_11_swiss_finish_anon,0.0,0.0,3,1,0.6766,0.6671,0,offerte_07_gruendung_domizil_anon_chunk_1|offerte_05_stiftung_audit_anon_chunk_2|offerte_11_swiss_finish_anon_chunk_0,0,0,3.44,0.0,3.44,ollama,True,CHF 3'400 - 3'800,,
2026-09-09T22:04:20,LOHN_04,lohn,unrelated,0,36,14,1,False,falsches_dokument,False,offerte_10_accounting_medtech_anon,offerte_11_swiss_finish_anon|offerte_03_accounting_branch_anon|offerte_09_domizil_beratung_anon,0.0,0.0,3,1,0.618,0.6146,0,offerte_11_swiss_finish_anon_chunk_0|offerte_03_accounting_branch_anon_chunk_0|offerte_09_domizil_beratung_anon_chunk_2,0,0,3.41,0.0,3.41,ollama,True,CHF 1'000,,
2026-09-09T22:04:20,BUCH_07,buchhaltung,unrelated,0,36,14,1,True,richtig,False,offerte_11_swiss_finish_anon,offerte_11_swiss_finish_anon|offerte_03_accounting_branch_anon|offerte_05_stiftung_audit_anon,0.3333,1.0,3,1,0.733,0.7196,0,offerte_11_swiss_finish_anon_chunk_1|offerte_03_accounting_branch_anon_chunk_1|offerte_05_stiftung_audit_anon_chunk_1,0,0,3.55,0.0,3.55,ollama,True,CHF 5'100 - 5'950,,
2026-09-09T22:04:20,MWST_03,mwst,unrelated,0,36,14,1,False,falsche_stelle,False,offerte_11_swiss_finish_anon,offerte_11_swiss_finish_anon|offerte_07_gruendung_domizil_anon|offerte_03_accounting_branch_anon,0.0,0.0,3,1,0.6868,0.6577,0,offerte_11_swiss_finish_anon_chunk_0|offerte_07_gruendung_domizil_anon_chunk_1|offerte_03_accounting_branch_anon_chunk_0,0,0,3.45,0.0,3.45,ollama,True,CHF 2'550,,
2026-09-09T22:04:20,SETUP_05,setup,unrelated,0,36,14,1,False,falsche_stelle,False,offerte_11_swiss_finish_anon,offerte_11_swiss_finish_anon|offerte_13_holding_spaltung_anon|offerte_09_domizil_beratung_anon,0.0,0.0,3,1,0.6062,0.5859,0,offerte_11_swiss_finish_anon_chunk_0|offerte_13_holding_spaltung_anon_chunk_2|offerte_09_domizil_beratung_anon_chunk_2,0,0,3.45,0.0,3.45,ollama,True,CHF 340,,
2026-09-09T22:04:20,BUCH_08,buchhaltung,unrelated,0,36,14,1,False,falsche_stelle,False,offerte_12_lohn_reinigung_anon,offerte_01_lohn_gross_anon|offerte_14_buchhaltung_klein_anon|offerte_12_lohn_reinigung_anon,0.0,0.0,3,1,0.7331,0.7218,0,offerte_01_lohn_gross_anon_chunk_0|offerte_14_buchhaltung_klein_anon_chunk_0|offerte_12_lohn_reinigung_anon_chunk_0,0,0,3.41,0.0,3.41,ollama,True,CHF 2'550 - 3'000,,
2026-09-09T22:04:20,LOHN_05,lohn,unrelated,0,36,14,1,False,falsche_stelle,False,offerte_12_lohn_reinigung_anon,offerte_01_lohn_gross_anon|offerte_12_lohn_reinigung_anon|offerte_14_buchhaltung_klein_anon,0.0,0.0,3,1,0.7668,0.7586,0,offerte_01_lohn_gross_anon_chunk_0|offerte_12_lohn_reinigung_anon_chunk_0|offerte_14_buchhaltung_klein_anon_chunk_0,0,0,3.54,0.0,3.54,ollama,True,CHF 600 - 1'000,,
2026-09-09T22:04:20,SETUP_06,setup,unrelated,0,36,14,1,False,falsche_stelle,False,offerte_12_lohn_reinigung_anon,offerte_01_lohn_gross_anon|offerte_12_lohn_reinigung_anon|offerte_14_buchhaltung_klein_anon,0.0,0.0,3,1,0.7273,0.706,0,offerte_01_lohn_gross_anon_chunk_0|offerte_12_lohn_reinigung_anon_chunk_0|offerte_14_buchhaltung_klein_anon_chunk_0,0,0,3.4,0.0,3.4,ollama,True,CHF 420 - 640,,
2026-09-09T22:04:20,BUCH_09,buchhaltung,unrelated,0,36,14,1,False,falsches_dokument,False,offerte_13_holding_spaltung_anon,offerte_05_stiftung_audit_anon|offerte_07_gruendung_domizil_anon|offerte_11_swiss_finish_anon,0.0,0.0,3,1,0.6601,0.6558,0,offerte_05_stiftung_audit_anon_chunk_2|offerte_07_gruendung_domizil_anon_chunk_1|offerte_11_swiss_finish_anon_chunk_1,0,0,3.41,0.0,3.41,ollama,True,CHF 2'550 - 3'000,,
2026-09-09T22:04:20,SONST_01,sonstiges,unrelated,0,36,14,1,True,richtig,False,offerte_13_holding_spaltung_anon,offerte_13_holding_spaltung_anon|offerte_05_stiftung_audit_anon|offerte_07_gruendung_domizil_anon,0.3333,1.0,3,1,0.6525,0.6289,0,offerte_13_holding_spaltung_anon_chunk_2|offerte_05_stiftung_audit_anon_chunk_2|offerte_07_gruendung_domizil_anon_chunk_1,0,0,3.49,0.0,3.49,ollama,True,CHF 1'700,,
2026-09-09T22:04:20,BUCH_10,buchhaltung,unrelated,0,36,14,1,True,richtig,False,offerte_14_buchhaltung_klein_anon,offerte_14_buchhaltung_klein_anon|offerte_01_lohn_gross_anon|offerte_12_lohn_reinigung_anon,0.3333,1.0,3,1,0.6815,0.6746,0,offerte_14_buchhaltung_klein_anon_chunk_1|offerte_01_lohn_gross_anon_chunk_1|offerte_12_lohn_reinigung_anon_chunk_1,0,0,3.45,0.0,3.45,ollama,True,CHF 850 - 1'300,,
2026-09-09T22:04:20,STEU_03,steuern,unrelated,0,36,14,1,False,falsche_stelle,False,offerte_14_buchhaltung_klein_anon,offerte_01_lohn_gross_anon|offerte_14_buchhaltung_klein_anon|offerte_12_lohn_reinigung_anon,0.0,0.0,3,1,0.7572,0.7392,0,offerte_01_lohn_gross_anon_chunk_0|offerte_14_buchhaltung_klein_anon_chunk_0|offerte_12_lohn_reinigung_anon_chunk_0,0,0,3.58,0.0,3.58,ollama,True,CHF 640,,
2026-09-09T22:04:20,UNB_01,unbeantwortbar,unrelated,0,36,14,1,False,material_fuer_halluzination,True,,offerte_12_lohn_reinigung_anon|offerte_14_buchhaltung_klein_anon|offerte_01_lohn_gross_anon,0.0,0.0,3,0,0.6655,0.6593,0,offerte_12_lohn_reinigung_anon_chunk_0|offerte_14_buchhaltung_klein_anon_chunk_0|offerte_01_lohn_gross_anon_chunk_0,0,0,3.45,0.0,3.45,ollama,True,nicht in den Unterlagen,,
2026-09-09T22:04:20,UNB_02,unbeantwortbar,unrelated,0,36,14,1,False,material_fuer_halluzination,True,,offerte_01_lohn_gross_anon|offerte_08_gruendung_vr_anon|offerte_14_buchhaltung_klein_anon,0.0,0.0,3,0,0.6035,0.5952,0,offerte_01_lohn_gross_anon_chunk_0|offerte_08_gruendung_vr_anon_chunk_0|offerte_14_buchhaltung_klein_anon_chunk_0,0,0,3.42,0.0,3.42,ollama,True,nicht in den Unterlagen,,
2026-09-09T22:04:20,UNB_03,unbeantwortbar,unrelated,0,36,14,1,False,material_fuer_halluzination,True,,offerte_08_gruendung_vr_anon|offerte_14_buchhaltung_klein_anon|offerte_06_gruendung_klein_anon,0.0,0.0,3,0,0.6503,0.6324,0,offerte_08_gruendung_vr_anon_chunk_0|offerte_14_buchhaltung_klein_anon_chunk_0|offerte_06_gruendung_klein_anon_chunk_0,0,0,3.47,0.0,3.47,ollama,True,nicht in den Unterlagen,,
2026-09-09T22:04:20,UNB_04,unbeantwortbar,unrelated,0,36,14,1,False,material_fuer_halluzination,True,,offerte_14_buchhaltung_klein_anon|offerte_08_gruendung_vr_anon|offerte_12_lohn_reinigung_anon,0.0,0.0,3,0,0.6694,0.6641,0,offerte_14_buchhaltung_klein_anon_chunk_1|offerte_08_gruendung_vr_anon_chunk_0|offerte_12_lohn_reinigung_anon_chunk_1,0,0,3.43,0.0,3.43,ollama,True,nicht in den Unterlagen,,
2026-09-09T22:04:20,UNB_05,unbeantwortbar,unrelated,0,36,14,1,False,material_fuer_halluzination,True,,offerte_14_buchhaltung_klein_anon|offerte_01_lohn_gross_anon|offerte_12_lohn_reinigung_anon,0.0,0.0,3,0,0.6542,0.6495,0,offerte_14_buchhaltung_klein_anon_chunk_0|offerte_01_lohn_gross_anon_chunk_0|offerte_12_lohn_reinigung_anon_chunk_0,0,0,3.55,0.0,3.55,ollama,True,nicht in den Unterlagen,,
